{"entities":{"pages":{"Home":{"id":"Home","title":"Home","url":"home.html","level":0,"tabIndex":0},"Questions-PV":{"id":"Questions-PV","title":"PV","url":"questions-pv.html","level":0,"tabIndex":1},"czech":{"id":"czech","title":"CZECH","url":"czech.html","level":0,"pages":["Teorie","Struktura-zkousky","Zkroceni-zle-zeny","Romeo-a-Julie","Revizor","Oliver-Twist","Havran","Kytice","Na-zapadni-fronte-klid","Maly-princ","Starec-a-more","Velky-Gatsby","Hlava-XXII","Kral-krysa","Most-pres-reku-Kwai","451-stupnu-Fahrenheita","Deset-malych-cernousku","Krysar","Bylo-nas-pet","Ostre-sledovane-vlaky","Smrt-krasnych-srncu","Jak-jsem-potkal-ryby"],"tabIndex":2},"Teorie":{"id":"Teorie","title":"Teorie","url":"teorie.html","level":1,"parentId":"czech","tabIndex":0},"Struktura-zkousky":{"id":"Struktura-zkousky","title":"Struktura-zkousky","url":"struktura-zkousky.html","level":1,"parentId":"czech","tabIndex":1},"Zkroceni-zle-zeny":{"id":"Zkroceni-zle-zeny","title":"Zkroceni-zle-zeny","url":"zkroceni-zle-zeny.html","level":1,"parentId":"czech","tabIndex":2},"Romeo-a-Julie":{"id":"Romeo-a-Julie","title":"Romeo-a-Julie","url":"romeo-a-julie.html","level":1,"parentId":"czech","tabIndex":3},"Revizor":{"id":"Revizor","title":"Revizor","url":"revizor.html","level":1,"parentId":"czech","tabIndex":4},"Oliver-Twist":{"id":"Oliver-Twist","title":"Oliver-Twist","url":"oliver-twist.html","level":1,"parentId":"czech","tabIndex":5},"Havran":{"id":"Havran","title":"Havran","url":"havran.html","level":1,"parentId":"czech","tabIndex":6},"Kytice":{"id":"Kytice","title":"Kytice","url":"kytice.html","level":1,"parentId":"czech","tabIndex":7},"Na-zapadni-fronte-klid":{"id":"Na-zapadni-fronte-klid","title":"Na-zapadni-fronte-klid","url":"na-zapadni-fronte-klid.html","level":1,"parentId":"czech","tabIndex":8},"Maly-princ":{"id":"Maly-princ","title":"Maly-princ","url":"maly-princ.html","level":1,"parentId":"czech","tabIndex":9},"Starec-a-more":{"id":"Starec-a-more","title":"Starec-a-more","url":"starec-a-more.html","level":1,"parentId":"czech","tabIndex":10},"Velky-Gatsby":{"id":"Velky-Gatsby","title":"Velky-Gatsby","url":"velky-gatsby.html","level":1,"parentId":"czech","tabIndex":11},"Hlava-XXII":{"id":"Hlava-XXII","title":"Hlava-XXII","url":"hlava-xxii.html","level":1,"parentId":"czech","tabIndex":12},"Kral-krysa":{"id":"Kral-krysa","title":"Kral-krysa","url":"kral-krysa.html","level":1,"parentId":"czech","tabIndex":13},"Most-pres-reku-Kwai":{"id":"Most-pres-reku-Kwai","title":"Most-pres-reku-Kwai","url":"most-pres-reku-kwai.html","level":1,"parentId":"czech","tabIndex":14},"451-stupnu-Fahrenheita":{"id":"451-stupnu-Fahrenheita","title":"451-stupnu-Fahrenheita","url":"451-stupnu-fahrenheita.html","level":1,"parentId":"czech","tabIndex":15},"Deset-malych-cernousku":{"id":"Deset-malych-cernousku","title":"Deset-malych-cernousku","url":"deset-malych-cernousku.html","level":1,"parentId":"czech","pages":["Basnicka"],"tabIndex":16},"Basnicka":{"id":"Basnicka","title":"Basnicka","url":"basnicka.html","level":2,"parentId":"Deset-malych-cernousku","tabIndex":0},"Krysar":{"id":"Krysar","title":"Krysar","url":"krysar.html","level":1,"parentId":"czech","tabIndex":17},"Bylo-nas-pet":{"id":"Bylo-nas-pet","title":"Bylo-nas-pet","url":"bylo-nas-pet.html","level":1,"parentId":"czech","tabIndex":18},"Ostre-sledovane-vlaky":{"id":"Ostre-sledovane-vlaky","title":"Ostre-sledovane-vlaky","url":"ostre-sledovane-vlaky.html","level":1,"parentId":"czech","tabIndex":19},"Smrt-krasnych-srncu":{"id":"Smrt-krasnych-srncu","title":"Smrt-krasnych-srncu","url":"smrt-krasnych-srncu.html","level":1,"parentId":"czech","tabIndex":20},"Jak-jsem-potkal-ryby":{"id":"Jak-jsem-potkal-ryby","title":"Jak-jsem-potkal-ryby","url":"jak-jsem-potkal-ryby.html","level":1,"parentId":"czech","tabIndex":21},"Questions":{"id":"Questions","title":"PSS","url":"questions.html","level":0,"pages":["1","IPv6","LAN-MAN-WAN","OSI-TCP-IP","ETHERNET-CABLES-STRUCTURE","STATIC-DYNAMIC-ROUTING-RIP-OSPF","Spanning-tree-protokol-principy-použití-v-LAN-BPDU","VLAN-princip-použití-Trunk-porty-protokol-802-1q-VTP-technologie","VPN-principy-funkce-použití-tunely-zabezpečení","DHCP4-funkce-možnosti-konfigurace-rozsahy-IP-adres-dle-MAC-adresy-použití","DHCP6-funkce-možnosti-konfigurace-rozsahy-IP-adres-dle-MAC-adresy-použití"],"tabIndex":3},"1":{"id":"1","title":"IPv4","url":"1.html","level":1,"parentId":"Questions","tabIndex":0},"IPv6":{"id":"IPv6","title":"IPv6","url":"ipv6.html","level":1,"parentId":"Questions","tabIndex":1},"LAN-MAN-WAN":{"id":"LAN-MAN-WAN","title":"LAN-MAN-WAN","url":"lan-man-wan.html","level":1,"parentId":"Questions","tabIndex":2},"OSI-TCP-IP":{"id":"OSI-TCP-IP","title":"OSI-TCP-IP","url":"osi-tcp-ip.html","level":1,"parentId":"Questions","tabIndex":3},"ETHERNET-CABLES-STRUCTURE":{"id":"ETHERNET-CABLES-STRUCTURE","title":"ETHERNET-CABLES-STRUCTURE ","url":"ethernet-cables-structure.html","level":1,"parentId":"Questions","tabIndex":4},"STATIC-DYNAMIC-ROUTING-RIP-OSPF":{"id":"STATIC-DYNAMIC-ROUTING-RIP-OSPF","title":"STATIC-DYNAMIC-ROUTING-RIP-OSPF","url":"static-dynamic-routing-rip-ospf.html","level":1,"parentId":"Questions","tabIndex":5},"Spanning-tree-protokol-principy-použití-v-LAN-BPDU":{"id":"Spanning-tree-protokol-principy-použití-v-LAN-BPDU","title":"SPANNING-TREE-PROTOCOL","url":"spanning-tree-protokol-principy-použití-v-lan-bpdu.html","level":1,"parentId":"Questions","tabIndex":6},"VLAN-princip-použití-Trunk-porty-protokol-802-1q-VTP-technologie":{"id":"VLAN-princip-použití-Trunk-porty-protokol-802-1q-VTP-technologie","title":"VLAN-TRUNK-8021Q-VTP","url":"vlan-princip-použití-trunk-porty-protokol-802-1q-vtp-technologie.html","level":1,"parentId":"Questions","tabIndex":7},"VPN-principy-funkce-použití-tunely-zabezpečení":{"id":"VPN-principy-funkce-použití-tunely-zabezpečení","title":"VPN","url":"vpn-principy-funkce-použití-tunely-zabezpečení.html","level":1,"parentId":"Questions","tabIndex":8},"DHCP4-funkce-možnosti-konfigurace-rozsahy-IP-adres-dle-MAC-adresy-použití":{"id":"DHCP4-funkce-možnosti-konfigurace-rozsahy-IP-adres-dle-MAC-adresy-použití","title":"DHCP4","url":"dhcp4-funkce-možnosti-konfigurace-rozsahy-ip-adres-dle-mac-adresy-použití.html","level":1,"parentId":"Questions","tabIndex":9},"DHCP6-funkce-možnosti-konfigurace-rozsahy-IP-adres-dle-MAC-adresy-použití":{"id":"DHCP6-funkce-možnosti-konfigurace-rozsahy-IP-adres-dle-MAC-adresy-použití","title":"DHCP6","url":"dhcp6-funkce-možnosti-konfigurace-rozsahy-ip-adres-dle-mac-adresy-použití.html","level":1,"parentId":"Questions","tabIndex":10}}},"topLevelIds":["Home","Questions-PV","czech","Questions"]}